64720,"ADRIAN, MO",ADRIAN,MO,BATES
63730,"ADVANCE, MO",ADVANCE,MO,STODDARD
64401,"AGENCY, MO",AGENCY,MO,BUCHANAN
64830,"ALBA, MO",ALBA,MO,JASPER
64402,"ALBANY, MO",ALBANY,MO,GENTRY
65601,"ALDRICH, MO",ALDRICH,MO,POLK
63430,"ALEXANDRIA, MO",ALEXANDRIA,MO,CLARK
64420,"ALLENDALE, MO",ALLENDALE,MO,WORTH
64001,"ALMA, MO",ALMA,MO,LAFAYETTE
64620,"ALTAMONT, MO",ALTAMONT,MO,DAVIESS
63732,"ALTENBURG, MO",ALTENBURG,MO,CAPE GIRARDEAU
65606,"ALTON, MO",ALTON,MO,OREGON
64421,"AMAZONIA, MO",AMAZONIA,MO,ANDREW
64422,"AMITY, MO",AMITY,MO,DEKALB
64722,"AMORET, MO",AMORET,MO,BATES
64723,"AMSTERDAM, MO",AMSTERDAM,MO,BATES
63431,"ANABEL, MO",ANABEL,MO,MACON
64831,"ANDERSON, MO",ANDERSON,MO,MCDONALD
63620,"ANNAPOLIS, MO",ANNAPOLIS,MO,IRON
63820,"ANNISTON, MO",ANNISTON,MO,MISSISSIPPI
64724,"APPLETON CITY, MO",APPLETON CITY,MO,SAINT CLAIR
63432,"ARBELA, MO",ARBELA,MO,SCOTLAND
63821,"ARBYRD, MO",ARBYRD,MO,DUNKLIN
63621,"ARCADIA, MO",ARCADIA,MO,IRON
64725,"ARCHIE, MO",ARCHIE,MO,CASS
65603,"ARCOLA, MO",ARCOLA,MO,DADE
65001,"ARGYLE, MO",ARGYLE,MO,OSAGE
65230,"ARMSTRONG, MO",ARMSTRONG,MO,HOWARD
63010,"ARNOLD, MO",ARNOLD,MO,JEFFERSON
65320,"ARROW ROCK, MO",ARROW ROCK,MO,SALINE
64832,"ASBURY, MO",ASBURY,MO,BARTON
65604,"ASH GROVE, MO",ASH GROVE,MO,GREENE
65010,"ASHLAND, MO",ASHLAND,MO,BOONE
63530,"ATLANTA, MO",ATLANTA,MO,MACON
63332,"AUGUSTA, MO",AUGUSTA,MO,SAINT CHARLES
65605,"AURORA, MO",AURORA,MO,LAWRENCE
65231,"AUXVASSE, MO",AUXVASSE,MO,CALLAWAY
65608,"AVA, MO",AVA,MO,DOUGLAS
64833,"AVILLA, MO",AVILLA,MO,JASPER
65609,"BAKERSFIELD, MO",BAKERSFIELD,MO,OZARK
63011,"BALLWIN, MO",BALLWIN,MO,SAINT LOUIS
63021,"BALLWIN, MO",BALLWIN,MO,SAINT LOUIS
63022,"BALLWIN, MO",BALLWIN,MO,SAINT LOUIS
63024,"BALLWIN, MO",BALLWIN,MO,SAINT LOUIS
63531,"BARING, MO",BARING,MO,KNOX
64423,"BARNARD, MO",BARNARD,MO,NODAWAY
65011,"BARNETT, MO",BARNETT,MO,MORGAN
63012,"BARNHART, MO",BARNHART,MO,JEFFERSON
64011,"BATES CITY, MO",BATES CITY,MO,LAFAYETTE
63013,"BEAUFORT, MO",BEAUFORT,MO,FRANKLIN
63622,"BELGRADE, MO",BELGRADE,MO,WASHINGTON
63735,"BELL CITY, MO",BELL CITY,MO,STODDARD
65013,"BELLE, MO",BELLE,MO,MARIES
63623,"BELLEVIEW, MO",BELLEVIEW,MO,IRON
63333,"BELLFLOWER, MO",BELLFLOWER,MO,MONTGOMERY
64012,"BELTON, MO",BELTON,MO,CASS
63736,"BENTON, MO",BENTON,MO,SCOTT
65232,"BENTON CITY, MO",BENTON CITY,MO,AUDRAIN
63014,"BERGER, MO",BERGER,MO,FRANKLIN
63822,"BERNIE, MO",BERNIE,MO,STODDARD
63823,"BERTRAND, MO",BERTRAND,MO,MISSISSIPPI
64424,"BETHANY, MO",BETHANY,MO,HARRISON
63434,"BETHEL, MO",BETHEL,MO,SHELBY
63532,"BEVIER, MO",BEVIER,MO,MACON
65610,"BILLINGS, MO",BILLINGS,MO,CHRISTIAN
65438,"BIRCH TREE, MO",BIRCH TREE,MO,SHANNON
63624,"BISMARCK, MO",BISMARCK,MO,SAINT FRANCOIS
65439,"BIXBY, MO",BIXBY,MO,IRON
63625,"BLACK, MO",BLACK,MO,REYNOLDS
65321,"BLACKBURN, MO",BLACKBURN,MO,SALINE
65322,"BLACKWATER, MO",BLACKWATER,MO,COOPER
63626,"BLACKWELL, MO",BLACKWELL,MO,SAINT FRANCOIS
64726,"BLAIRSTOWN, MO",BLAIRSTOWN,MO,HENRY
65014,"BLAND, MO",BLAND,MO,GASCONADE
63825,"BLOOMFIELD, MO",BLOOMFIELD,MO,STODDARD
63627,"BLOOMSDALE, MO",BLOOMSDALE,MO,SAINTE GENEVIEVE
65611,"BLUE EYE, MO",BLUE EYE,MO,STONE
64013,"BLUE SPRINGS, MO",BLUE SPRINGS,MO,JACKSON
64014,"BLUE SPRINGS, MO",BLUE SPRINGS,MO,JACKSON
64015,"BLUE SPRINGS, MO",BLUE SPRINGS,MO,JACKSON
64426,"BLYTHEDALE, MO",BLYTHEDALE,MO,HARRISON
64622,"BOGARD, MO",BOGARD,MO,CARROLL
65612,"BOIS D ARC, MO",BOIS D ARC,MO,GREENE
64427,"BOLCKOW, MO",BOLCKOW,MO,ANDREW
65613,"BOLIVAR, MO",BOLIVAR,MO,POLK
63628,"BONNE TERRE, MO",BONNE TERRE,MO,SAINT FRANCOIS
65016,"BONNOTS MILL, MO",BONNOTS MILL,MO,OSAGE
65233,"BOONVILLE, MO",BOONVILLE,MO,COOPER
65440,"BOSS, MO",BOSS,MO,DENT
64623,"BOSWORTH, MO",BOSWORTH,MO,CARROLL
65441,"BOURBON, MO",BOURBON,MO,CRAWFORD
63334,"BOWLING GREEN, MO",BOWLING GREEN,MO,PIKE
65614,"BRADLEYVILLE, MO",BRADLEYVILLE,MO,TANEY
63827,"BRAGG CITY, MO",BRAGG CITY,MO,PEMISCOT
63826,"BRAGGADOCIO, MO",BRAGGADOCIO,MO,PEMISCOT
65688,"BRANDSVILLE, MO",BRANDSVILLE,MO,HOWELL
65615,"BRANSON, MO",BRANSON,MO,TANEY
65616,"BRANSON, MO",BRANSON,MO,TANEY
63533,"BRASHEAR, MO",BRASHEAR,MO,ADAIR
64624,"BRAYMER, MO",BRAYMER,MO,CALDWELL
64625,"BRECKENRIDGE, MO",BRECKENRIDGE,MO,CALDWELL
63044,"BRIDGETON, MO",BRIDGETON,MO,SAINT LOUIS
65617,"BRIGHTON, MO",BRIGHTON,MO,POLK
65443,"BRINKTOWN, MO",BRINKTOWN,MO,MARIES
65618,"BRIXEY, MO",BRIXEY,MO,OZARK
64728,"BRONAUGH, MO",BRONAUGH,MO,VERNON
64628,"BROOKFIELD, MO",BROOKFIELD,MO,LINN
65619,"BROOKLINE, MO",BROOKLINE,MO,GREENE
63932,"BROSELEY, MO",BROSELEY,MO,BUTLER
64630,"BROWNING, MO",BROWNING,MO,LINN
65017,"BRUMLEY, MO",BRUMLEY,MO,MILLER
65620,"BRUNER, MO",BRUNER,MO,CHRISTIAN
65236,"BRUNSWICK, MO",BRUNSWICK,MO,CHARITON
64631,"BUCKLIN, MO",BUCKLIN,MO,LINN
64016,"BUCKNER, MO",BUCKNER,MO,JACKSON
65444,"BUCYRUS, MO",BUCYRUS,MO,TEXAS
65622,"BUFFALO, MO",BUFFALO,MO,DALLAS
65237,"BUNCETON, MO",BUNCETON,MO,COOPER
63629,"BUNKER, MO",BUNKER,MO,REYNOLDS
63739,"BURFORDVILLE, MO",BURFORDVILLE,MO,CAPE GIRARDEAU
64428,"BURLINGTON JUNCTION, MO",BURLINGTON JUNCTION,MO,NODAWAY
64730,"BUTLER, MO",BUTLER,MO,BATES
65623,"BUTTERFIELD, MO",BUTTERFIELD,MO,BARRY
65689,"CABOOL, MO",CABOOL,MO,TEXAS
63630,"CADET, MO",CADET,MO,WASHINGTON
64632,"CAINSVILLE, MO",CAINSVILLE,MO,HARRISON
65239,"CAIRO, MO",CAIRO,MO,RANDOLPH
63631,"CALEDONIA, MO",CALEDONIA,MO,WASHINGTON
65323,"CALHOUN, MO",CALHOUN,MO,HENRY
65018,"CALIFORNIA, MO",CALIFORNIA,MO,MONITEAU
63534,"CALLAO, MO",CALLAO,MO,MACON
64017,"CAMDEN, MO",CAMDEN,MO,RAY
64018,"CAMDEN POINT, MO",CAMDEN POINT,MO,PLATTE
65020,"CAMDENTON, MO",CAMDENTON,MO,CAMDEN
64429,"CAMERON, MO",CAMERON,MO,CLINTON
63933,"CAMPBELL, MO",CAMPBELL,MO,DUNKLIN
63828,"CANALOU, MO",CANALOU,MO,NEW MADRID
63435,"CANTON, MO",CANTON,MO,LEWIS
65624,"CAPE FAIR, MO",CAPE FAIR,MO,STONE
63701,"CAPE GIRARDEAU, MO",CAPE GIRARDEAU,MO,CAPE GIRARDEAU
63702,"CAPE GIRARDEAU, MO",CAPE GIRARDEAU,MO,CAPE GIRARDEAU
63703,"CAPE GIRARDEAU, MO",CAPE GIRARDEAU,MO,CAPE GIRARDEAU
63829,"CARDWELL, MO",CARDWELL,MO,DUNKLIN
64834,"CARL JUNCTION, MO",CARL JUNCTION,MO,JASPER
64633,"CARROLLTON, MO",CARROLLTON,MO,CARROLL
64835,"CARTERVILLE, MO",CARTERVILLE,MO,JASPER
64836,"CARTHAGE, MO",CARTHAGE,MO,JASPER
63830,"CARUTHERSVILLE, MO",CARUTHERSVILLE,MO,PEMISCOT
65625,"CASSVILLE, MO",CASSVILLE,MO,BARRY
63015,"CATAWISSA, MO",CATAWISSA,MO,FRANKLIN
63833,"CATRON, MO",CATRON,MO,NEW MADRID
65626,"CAULFIELD, MO",CAULFIELD,MO,HOWELL
63016,"CEDAR HILL, MO",CEDAR HILL,MO,JEFFERSON
65627,"CEDARCREEK, MO",CEDARCREEK,MO,TANEY
63436,"CENTER, MO",CENTER,MO,RALLS
65023,"CENTERTOWN, MO",CENTERTOWN,MO,COLE
64019,"CENTERVIEW, MO",CENTERVIEW,MO,JOHNSON
63633,"CENTERVILLE, MO",CENTERVILLE,MO,REYNOLDS
65240,"CENTRALIA, MO",CENTRALIA,MO,BOONE
65629,"CHADWICK, MO",CHADWICK,MO,CHRISTIAN
63740,"CHAFFEE, MO",CHAFFEE,MO,SCOTT
65024,"CHAMOIS, MO",CHAMOIS,MO,OSAGE
63834,"CHARLESTON, MO",CHARLESTON,MO,MISSISSIPPI
65446,"CHERRYVILLE, MO",CHERRYVILLE,MO,CRAWFORD
63005,"CHESTERFIELD, MO",CHESTERFIELD,MO,SAINT LOUIS
63006,"CHESTERFIELD, MO",CHESTERFIELD,MO,SAINT LOUIS
63017,"CHESTERFIELD, MO",CHESTERFIELD,MO,SAINT LOUIS
65630,"CHESTNUTRIDGE, MO",CHESTNUTRIDGE,MO,CHRISTIAN
64733,"CHILHOWEE, MO",CHILHOWEE,MO,JOHNSON
64601,"CHILLICOTHE, MO",CHILLICOTHE,MO,LIVINGSTON
64635,"CHULA, MO",CHULA,MO,LIVINGSTON
63437,"CLARENCE, MO",CLARENCE,MO,SHELBY
65243,"CLARK, MO",CLARK,MO,RANDOLPH
65025,"CLARKSBURG, MO",CLARKSBURG,MO,MONITEAU
64430,"CLARKSDALE, MO",CLARKSDALE,MO,DEKALB
63336,"CLARKSVILLE, MO",CLARKSVILLE,MO,PIKE
63837,"CLARKTON, MO",CLARKTON,MO,DUNKLIN
64431,"CLEARMONT, MO",CLEARMONT,MO,NODAWAY
64734,"CLEVELAND, MO",CLEVELAND,MO,CASS
65631,"CLEVER, MO",CLEVER,MO,CHRISTIAN
65244,"CLIFTON HILL, MO",CLIFTON HILL,MO,RANDOLPH
65324,"CLIMAX SPRINGS, MO",CLIMAX SPRINGS,MO,CAMDEN
64735,"CLINTON, MO",CLINTON,MO,HENRY
63934,"CLUBB, MO",CLUBB,MO,WAYNE
64432,"CLYDE, MO",CLYDE,MO,NODAWAY
63535,"COATSVILLE, MO",COATSVILLE,MO,SCHUYLER
65325,"COLE CAMP, MO",COLE CAMP,MO,BENTON
64738,"COLLINS, MO",COLLINS,MO,SAINT CLAIR
65201,"COLUMBIA, MO",COLUMBIA,MO,BOONE
65202,"COLUMBIA, MO",COLUMBIA,MO,BOONE
65203,"COLUMBIA, MO",COLUMBIA,MO,BOONE
65205,"COLUMBIA, MO",COLUMBIA,MO,BOONE
65211,"COLUMBIA, MO",COLUMBIA,MO,BOONE
65212,"COLUMBIA, MO",COLUMBIA,MO,BOONE
65215,"COLUMBIA, MO",COLUMBIA,MO,BOONE
65216,"COLUMBIA, MO",COLUMBIA,MO,BOONE
65217,"COLUMBIA, MO",COLUMBIA,MO,BOONE
65218,"COLUMBIA, MO",COLUMBIA,MO,BOONE
63742,"COMMERCE, MO",COMMERCE,MO,SCOTT
64433,"CONCEPTION, MO",CONCEPTION,MO,NODAWAY
64434,"CONCEPTION JUNCTION, MO",CONCEPTION JUNCTION,MO,NODAWAY
64020,"CONCORDIA, MO",CONCORDIA,MO,LAFAYETTE
65632,"CONWAY, MO",CONWAY,MO,LACLEDE
65449,"COOK STA, MO",COOK STA,MO,CRAWFORD
63839,"COOTER, MO",COOTER,MO,PEMISCOT
64021,"CORDER, MO",CORDER,MO,LAFAYETTE
64436,"COSBY, MO",COSBY,MO,ANDREW
63338,"COTTLEVILLE, MO",COTTLEVILLE,MO,SAINT CHARLES
65690,"COUCH, MO",COUCH,MO,OREGON
64637,"COWGILL, MO",COWGILL,MO,CALDWELL
64437,"CRAIG, MO",CRAIG,MO,HOLT
65633,"CRANE, MO",CRANE,MO,STONE
64739,"CREIGHTON, MO",CREIGHTON,MO,HENRY
65452,"CROCKER, MO",CROCKER,MO,PULASKI
65634,"CROSS TIMBERS, MO",CROSS TIMBERS,MO,HICKORY
63019,"CRYSTAL CITY, MO",CRYSTAL CITY,MO,JEFFERSON
65453,"CUBA, MO",CUBA,MO,CRAWFORD
63339,"CURRYVILLE, MO",CURRYVILLE,MO,PIKE
65635,"DADEVILLE, MO",DADEVILLE,MO,DADE
63743,"DAISY, MO",DAISY,MO,CAPE GIRARDEAU
64438,"DARLINGTON, MO",DARLINGTON,MO,GENTRY
65456,"DAVISVILLE, MO",DAVISVILLE,MO,CRAWFORD
64638,"DAWN, MO",DAWN,MO,LIVINGSTON
64440,"DE KALB, MO",DE KALB,MO,BUCHANAN
63020,"DE SOTO, MO",DE SOTO,MO,JEFFERSON
64639,"DE WITT, MO",DE WITT,MO,CARROLL
64439,"DEARBORN, MO",DEARBORN,MO,PLATTE
64740,"DEEPWATER, MO",DEEPWATER,MO,HENRY
64741,"DEERFIELD, MO",DEERFIELD,MO,VERNON
63840,"DEERING, MO",DEERING,MO,PEMISCOT
63341,"DEFIANCE, MO",DEFIANCE,MO,SAINT CHARLES
63744,"DELTA, MO",DELTA,MO,CAPE GIRARDEAU
64441,"DENVER, MO",DENVER,MO,WORTH
63636,"DES ARC, MO",DES ARC,MO,IRON
63841,"DEXTER, MO",DEXTER,MO,STODDARD
64840,"DIAMOND, MO",DIAMOND,MO,NEWTON
65636,"DIGGINS, MO",DIGGINS,MO,WEBSTER
63023,"DITTMER, MO",DITTMER,MO,JEFFERSON
65459,"DIXON, MO",DIXON,MO,PULASKI
63637,"DOE RUN, MO",DOE RUN,MO,SAINT FRANCOIS
63935,"DONIPHAN, MO",DONIPHAN,MO,RIPLEY
65637,"DORA, MO",DORA,MO,OZARK
64022,"DOVER, MO",DOVER,MO,LAFAYETTE
63536,"DOWNING, MO",DOWNING,MO,SCHUYLER
64742,"DREXEL, MO",DREXEL,MO,BATES
65638,"DRURY, MO",DRURY,MO,DOUGLAS
63936,"DUDLEY, MO",DUDLEY,MO,STODDARD
64841,"DUENWEG, MO",DUENWEG,MO,JASPER
65461,"DUKE, MO",DUKE,MO,PHELPS
65640,"DUNNEGAN, MO",DUNNEGAN,MO,POLK
63438,"DURHAM, MO",DURHAM,MO,LEWIS
63745,"DUTCHTOWN, MO",DUTCHTOWN,MO,CAPE GIRARDEAU
63342,"DUTZOW, MO",DUTZOW,MO,WARREN
65641,"EAGLE ROCK, MO",EAGLE ROCK,MO,BARRY
64442,"EAGLEVILLE, MO",EAGLEVILLE,MO,HARRISON
63045,"EARTH CITY, MO",EARTH CITY,MO,SAINT LOUIS
64743,"EAST LYNNE, MO",EAST LYNNE,MO,CASS
63845,"EAST PRAIRIE, MO",EAST PRAIRIE,MO,MISSISSIPPI
64443,"EASTON, MO",EASTON,MO,BUCHANAN
65462,"EDGAR SPRINGS, MO",EDGAR SPRINGS,MO,PHELPS
64444,"EDGERTON, MO",EDGERTON,MO,PLATTE
63537,"EDINA, MO",EDINA,MO,KNOX
65326,"EDWARDS, MO",EDWARDS,MO,BENTON
64744,"EL DORADO SPRINGS, MO",EL DORADO SPRINGS,MO,CEDAR
65026,"ELDON, MO",ELDON,MO,MILLER
65463,"ELDRIDGE, MO",ELDRIDGE,MO,LACLEDE
65464,"ELK CREEK, MO",ELK CREEK,MO,TEXAS
65644,"ELKLAND, MO",ELKLAND,MO,DALLAS
63638,"ELLINGTON, MO",ELLINGTON,MO,REYNOLDS
63937,"ELLSINORE, MO",ELLSINORE,MO,CARTER
63538,"ELMER, MO",ELMER,MO,MACON
64445,"ELMO, MO",ELMO,MO,NODAWAY
63343,"ELSBERRY, MO",ELSBERRY,MO,LINCOLN
65466,"EMINENCE, MO",EMINENCE,MO,SHANNON
65327,"EMMA, MO",EMMA,MO,LAFAYETTE
63344,"EOLIA, MO",EOLIA,MO,PIKE
63846,"ESSEX, MO",ESSEX,MO,STODDARD
63539,"ETHEL, MO",ETHEL,MO,MACON
65032,"EUGENE, MO",EUGENE,MO,COLE
63025,"EUREKA, MO",EUREKA,MO,SAINT LOUIS
65646,"EVERTON, MO",EVERTON,MO,DADE
63440,"EWING, MO",EWING,MO,LEWIS
65247,"EXCELLO, MO",EXCELLO,MO,MACON
64024,"EXCELSIOR SPRINGS, MO",EXCELSIOR SPRINGS,MO,CLAY
65647,"EXETER, MO",EXETER,MO,BARRY
63938,"FAGUS, MO",FAGUS,MO,BUTLER
65648,"FAIR GROVE, MO",FAIR GROVE,MO,GREENE
65649,"FAIR PLAY, MO",FAIR PLAY,MO,POLK
63939,"FAIRDEALING, MO",FAIRDEALING,MO,RIPLEY
64446,"FAIRFAX, MO",FAIRFAX,MO,ATCHISON
64842,"FAIRVIEW, MO",FAIRVIEW,MO,NEWTON
65470,"FALCON, MO",FALCON,MO,LACLEDE
63345,"FARBER, MO",FARBER,MO,AUDRAIN
64028,"FARLEY, MO",FARLEY,MO,PLATTE
63640,"FARMINGTON, MO",FARMINGTON,MO,SAINT FRANCOIS
63746,"FARRAR, MO",FARRAR,MO,PERRY
64448,"FAUCETT, MO",FAUCETT,MO,BUCHANAN
65248,"FAYETTE, MO",FAYETTE,MO,HOWARD
63026,"FENTON, MO",FENTON,MO,SAINT LOUIS
63099,"FENTON, MO",FENTON,MO,SAINT LOUIS
63028,"FESTUS, MO",FESTUS,MO,JEFFERSON
64449,"FILLMORE, MO",FILLMORE,MO,ANDREW
63940,"FISK, MO",FISK,MO,BUTLER
65650,"FLEMINGTON, MO",FLEMINGTON,MO,POLK
63030,"FLETCHER, MO",FLETCHER,MO,JEFFERSON
63346,"FLINTHILL, MO",FLINTHILL,MO,SAINT CHARLES
65329,"FLORENCE, MO",FLORENCE,MO,MORGAN
63031,"FLORISSANT, MO",FLORISSANT,MO,SAINT LOUIS
63032,"FLORISSANT, MO",FLORISSANT,MO,SAINT LOUIS
63033,"FLORISSANT, MO",FLORISSANT,MO,SAINT LOUIS
63034,"FLORISSANT, MO",FLORISSANT,MO,SAINT LOUIS
63347,"FOLEY, MO",FOLEY,MO,LINCOLN
65652,"FORDLAND, MO",FORDLAND,MO,WEBSTER
64451,"FOREST CITY, MO",FOREST CITY,MO,HOLT
63348,"FORISTELL, MO",FORISTELL,MO,SAINT CHARLES
65653,"FORSYTH, MO",FORSYTH,MO,TANEY
65473,"FORT LEONARD WOOD, MO",FORT LEONARD WOOD,MO,PULASKI
65034,"FORTUNA, MO",FORTUNA,MO,MONITEAU
64745,"FOSTER, MO",FOSTER,MO,BATES
63441,"FRANKFORD, MO",FRANKFORD,MO,PIKE
65250,"FRANKLIN, MO",FRANKLIN,MO,HOWARD
63645,"FREDERICKTOWN, MO",FREDERICKTOWN,MO,MADISON
65035,"FREEBURG, MO",FREEBURG,MO,OSAGE
64746,"FREEMAN, MO",FREEMAN,MO,CASS
65654,"FREISTATT, MO",FREISTATT,MO,LAWRENCE
63941,"FREMONT, MO",FREMONT,MO,CARTER
63036,"FRENCH VILLAGE, MO",FRENCH VILLAGE,MO,SAINT FRANCOIS
63747,"FRIEDHEIM, MO",FRIEDHEIM,MO,CAPE GIRARDEAU
63748,"FROHNA, MO",FROHNA,MO,PERRY
65251,"FULTON, MO",FULTON,MO,CALLAWAY
65655,"GAINESVILLE, MO",GAINESVILLE,MO,OZARK
65656,"GALENA, MO",GALENA,MO,STONE
64640,"GALLATIN, MO",GALLATIN,MO,DAVIESS
64641,"GALT, MO",GALT,MO,GRUNDY
64747,"GARDEN CITY, MO",GARDEN CITY,MO,CASS
63942,"GATEWOOD, MO",GATEWOOD,MO,RIPLEY
64453,"GENTRY, MO",GENTRY,MO,GENTRY
63037,"GERALD, MO",GERALD,MO,FRANKLIN
63848,"GIDEON, MO",GIDEON,MO,NEW MADRID
65330,"GILLIAM, MO",GILLIAM,MO,SALINE
64642,"GILMAN CITY, MO",GILMAN CITY,MO,HARRISON
65254,"GLASGOW, MO",GLASGOW,MO,HOWARD
63751,"GLENALLEN, MO",GLENALLEN,MO,BOLLINGER
63038,"GLENCOE, MO",GLENCOE,MO,SAINT LOUIS
63541,"GLENWOOD, MO",GLENWOOD,MO,SCHUYLER
63849,"GOBLER, MO",GOBLER,MO,PEMISCOT
65658,"GOLDEN, MO",GOLDEN,MO,BARRY
64748,"GOLDEN CITY, MO",GOLDEN CITY,MO,BARTON
64843,"GOODMAN, MO",GOODMAN,MO,MCDONALD
63752,"GORDONVILLE, MO",GORDONVILLE,MO,CAPE GIRARDEAU
63543,"GORIN, MO",GORIN,MO,SCOTLAND
64454,"GOWER, MO",GOWER,MO,CLINTON
65660,"GRAFF, MO",GRAFF,MO,WRIGHT
64455,"GRAHAM, MO",GRAHAM,MO,NODAWAY
64029,"GRAIN VALLEY, MO",GRAIN VALLEY,MO,JACKSON
64844,"GRANBY, MO",GRANBY,MO,NEWTON
63943,"GRANDIN, MO",GRANDIN,MO,CARTER
64030,"GRANDVIEW, MO",GRANDVIEW,MO,JACKSON
63442,"GRANGER, MO",GRANGER,MO,SCOTLAND
64456,"GRANT CITY, MO",GRANT CITY,MO,WORTH
65037,"GRAVOIS MILLS, MO",GRAVOIS MILLS,MO,MORGAN
63039,"GRAY SUMMIT, MO",GRAY SUMMIT,MO,FRANKLIN
63544,"GREEN CASTLE, MO",GREEN CASTLE,MO,SULLIVAN
63545,"GREEN CITY, MO",GREEN CITY,MO,SULLIVAN
65332,"GREEN RIDGE, MO",GREEN RIDGE,MO,PETTIS
65661,"GREENFIELD, MO",GREENFIELD,MO,DADE
63546,"GREENTOP, MO",GREENTOP,MO,ADAIR
63944,"GREENVILLE, MO",GREENVILLE,MO,WAYNE
64034,"GREENWOOD, MO",GREENWOOD,MO,JACKSON
63040,"GROVER, MO",GROVER,MO,SAINT LOUIS
65662,"GROVESPRING, MO",GROVESPRING,MO,WRIGHT
63041,"GRUBVILLE, MO",GRUBVILLE,MO,FRANKLIN
64457,"GUILFORD, MO",GUILFORD,MO,NODAWAY
64643,"HALE, MO",HALE,MO,CARROLL
65663,"HALF WAY, MO",HALF WAY,MO,POLK
65255,"HALLSVILLE, MO",HALLSVILLE,MO,BOONE
65664,"HALLTOWN, MO",HALLTOWN,MO,LAWRENCE
64644,"HAMILTON, MO",HAMILTON,MO,CALDWELL
63401,"HANNIBAL, MO",HANNIBAL,MO,MARION
65666,"HARDENVILLE, MO",HARDENVILLE,MO,OZARK
64035,"HARDIN, MO",HARDIN,MO,RAY
64645,"HARRIS, MO",HARRIS,MO,SULLIVAN
65256,"HARRISBURG, MO",HARRISBURG,MO,BOONE
64701,"HARRISONVILLE, MO",HARRISONVILLE,MO,CASS
65039,"HARTSBURG, MO",HARTSBURG,MO,BOONE
65667,"HARTVILLE, MO",HARTVILLE,MO,WRIGHT
63945,"HARVIELL, MO",HARVIELL,MO,BUTLER
64750,"HARWOOD, MO",HARWOOD,MO,VERNON
64458,"HATFIELD, MO",HATFIELD,MO,HARRISON
63349,"HAWK POINT, MO",HAWK POINT,MO,LINCOLN
63851,"HAYTI, MO",HAYTI,MO,PEMISCOT
63042,"HAZELWOOD, MO",HAZELWOOD,MO,SAINT LOUIS
64459,"HELENA, MO",HELENA,MO,ANDREW
63047,"HEMATITE, MO",HEMATITE,MO,JEFFERSON
65040,"HENLEY, MO",HENLEY,MO,COLE
64036,"HENRIETTA, MO",HENRIETTA,MO,RAY
63048,"HERCULANEUM, MO",HERCULANEUM,MO,JEFFERSON
65041,"HERMANN, MO",HERMANN,MO,GASCONADE
65668,"HERMITAGE, MO",HERMITAGE,MO,HICKORY
65257,"HIGBEE, MO",HIGBEE,MO,RANDOLPH
64037,"HIGGINSVILLE, MO",HIGGINSVILLE,MO,LAFAYETTE
63350,"HIGH HILL, MO",HIGH HILL,MO,MONTGOMERY
65042,"HIGH POINT, MO",HIGH POINT,MO,MONITEAU
63049,"HIGH RIDGE, MO",HIGH RIDGE,MO,JEFFERSON
65669,"HIGHLANDVILLE, MO",HIGHLANDVILLE,MO,CHRISTIAN
63050,"HILLSBORO, MO",HILLSBORO,MO,JEFFERSON
63852,"HOLCOMB, MO",HOLCOMB,MO,DUNKLIN
64040,"HOLDEN, MO",HOLDEN,MO,JOHNSON
63853,"HOLLAND, MO",HOLLAND,MO,PEMISCOT
65258,"HOLLIDAY, MO",HOLLIDAY,MO,MONROE
65672,"HOLLISTER, MO",HOLLISTER,MO,TANEY
65673,"HOLLISTER, MO",HOLLISTER,MO,TANEY
64048,"HOLT, MO",HOLT,MO,CLAY
65043,"HOLTS SUMMIT, MO",HOLTS SUMMIT,MO,CALLAWAY
64461,"HOPKINS, MO",HOPKINS,MO,NODAWAY
63855,"HORNERSVILLE, MO",HORNERSVILLE,MO,DUNKLIN
63051,"HOUSE SPRINGS, MO",HOUSE SPRINGS,MO,JEFFERSON
65483,"HOUSTON, MO",HOUSTON,MO,TEXAS
65333,"HOUSTONIA, MO",HOUSTONIA,MO,PETTIS
65484,"HUGGINS, MO",HUGGINS,MO,TEXAS
65334,"HUGHESVILLE, MO",HUGHESVILLE,MO,PETTIS
65674,"HUMANSVILLE, MO",HUMANSVILLE,MO,POLK
64752,"HUME, MO",HUME,MO,BATES
64646,"HUMPHREYS, MO",HUMPHREYS,MO,SULLIVAN
63443,"HUNNEWELL, MO",HUNNEWELL,MO,SHELBY
65259,"HUNTSVILLE, MO",HUNTSVILLE,MO,RANDOLPH
63547,"HURDLAND, MO",HURDLAND,MO,KNOX
65675,"HURLEY, MO",HURLEY,MO,STONE
65486,"IBERIA, MO",IBERIA,MO,MILLER
63052,"IMPERIAL, MO",IMPERIAL,MO,JEFFERSON
64050,"INDEPENDENCE, MO",INDEPENDENCE,MO,JACKSON
64051,"INDEPENDENCE, MO",INDEPENDENCE,MO,JACKSON
64052,"INDEPENDENCE, MO",INDEPENDENCE,MO,JACKSON
64053,"INDEPENDENCE, MO",INDEPENDENCE,MO,JACKSON
64054,"INDEPENDENCE, MO",INDEPENDENCE,MO,JACKSON
64055,"INDEPENDENCE, MO",INDEPENDENCE,MO,JACKSON
64056,"INDEPENDENCE, MO",INDEPENDENCE,MO,JACKSON
64057,"INDEPENDENCE, MO",INDEPENDENCE,MO,JACKSON
64058,"INDEPENDENCE, MO",INDEPENDENCE,MO,JACKSON
65335,"IONIA, MO",IONIA,MO,BENTON
63648,"IRONDALE, MO",IRONDALE,MO,WASHINGTON
63650,"IRONTON, MO",IRONTON,MO,IRON
65676,"ISABELLA, MO",ISABELLA,MO,OZARK
63755,"JACKSON, MO",JACKSON,MO,CAPE GIRARDEAU
65260,"JACKSONVILLE, MO",JACKSONVILLE,MO,RANDOLPH
65501,"JADWIN, MO",JADWIN,MO,DENT
64647,"JAMESON, MO",JAMESON,MO,DAVIESS
64648,"JAMESPORT, MO",JAMESPORT,MO,DAVIESS
65046,"JAMESTOWN, MO",JAMESTOWN,MO,MONITEAU
64755,"JASPER, MO",JASPER,MO,JASPER
65101,"JEFFERSON CITY, MO",JEFFERSON CITY,MO,COLE
65102,"JEFFERSON CITY, MO",JEFFERSON CITY,MO,COLE
65103,"JEFFERSON CITY, MO",JEFFERSON CITY,MO,COLE
65105,"JEFFERSON CITY, MO",JEFFERSON CITY,MO,COLE
65106,"JEFFERSON CITY, MO",JEFFERSON CITY,MO,COLE
65107,"JEFFERSON CITY, MO",JEFFERSON CITY,MO,COLE
65109,"JEFFERSON CITY, MO",JEFFERSON CITY,MO,COLE
65110,"JEFFERSON CITY, MO",JEFFERSON CITY,MO,COLE
64756,"JERICO SPRINGS, MO",JERICO SPRINGS,MO,CEDAR
65529,"JEROME, MO",JEROME,MO,PHELPS
63351,"JONESBURG, MO",JONESBURG,MO,MONTGOMERY
64801,"JOPLIN, MO",JOPLIN,MO,JASPER
64802,"JOPLIN, MO",JOPLIN,MO,JASPER
64803,"JOPLIN, MO",JOPLIN,MO,JASPER
64804,"JOPLIN, MO",JOPLIN,MO,JASPER
63445,"KAHOKA, MO",KAHOKA,MO,CLARK
65047,"KAISER, MO",KAISER,MO,MILLER
64116,"KANSAS CITY, MO",KANSAS CITY,MO,CLAY
64117,"KANSAS CITY, MO",KANSAS CITY,MO,CLAY
64118,"KANSAS CITY, MO",KANSAS CITY,MO,CLAY
64119,"KANSAS CITY, MO",KANSAS CITY,MO,CLAY
64155,"KANSAS CITY, MO",KANSAS CITY,MO,CLAY
64156,"KANSAS CITY, MO",KANSAS CITY,MO,CLAY
64157,"KANSAS CITY, MO",KANSAS CITY,MO,CLAY
64158,"KANSAS CITY, MO",KANSAS CITY,MO,CLAY
64161,"KANSAS CITY, MO",KANSAS CITY,MO,CLAY
64165,"KANSAS CITY, MO",KANSAS CITY,MO,CLAY
64166,"KANSAS CITY, MO",KANSAS CITY,MO,CLAY
64167,"KANSAS CITY, MO",KANSAS CITY,MO,CLAY
64188,"KANSAS CITY, MO",KANSAS CITY,MO,CLAY
64101,"KANSAS CITY, MO",KANSAS CITY,MO,JACKSON
64102,"KANSAS CITY, MO",KANSAS CITY,MO,JACKSON
64105,"KANSAS CITY, MO",KANSAS CITY,MO,JACKSON
64106,"KANSAS CITY, MO",KANSAS CITY,MO,JACKSON
64108,"KANSAS CITY, MO",KANSAS CITY,MO,JACKSON
64109,"KANSAS CITY, MO",KANSAS CITY,MO,JACKSON
64110,"KANSAS CITY, MO",KANSAS CITY,MO,JACKSON
64111,"KANSAS CITY, MO",KANSAS CITY,MO,JACKSON
64112,"KANSAS CITY, MO",KANSAS CITY,MO,JACKSON
64113,"KANSAS CITY, MO",KANSAS CITY,MO,JACKSON
64114,"KANSAS CITY, MO",KANSAS CITY,MO,JACKSON
64120,"KANSAS CITY, MO",KANSAS CITY,MO,JACKSON
64123,"KANSAS CITY, MO",KANSAS CITY,MO,JACKSON
64124,"KANSAS CITY, MO",KANSAS CITY,MO,JACKSON
64125,"KANSAS CITY, MO",KANSAS CITY,MO,JACKSON
64126,"KANSAS CITY, MO",KANSAS CITY,MO,JACKSON
64127,"KANSAS CITY, MO",KANSAS CITY,MO,JACKSON
64128,"KANSAS CITY, MO",KANSAS CITY,MO,JACKSON
64129,"KANSAS CITY, MO",KANSAS CITY,MO,JACKSON
64130,"KANSAS CITY, MO",KANSAS CITY,MO,JACKSON
64131,"KANSAS CITY, MO",KANSAS CITY,MO,JACKSON
64132,"KANSAS CITY, MO",KANSAS CITY,MO,JACKSON
64133,"KANSAS CITY, MO",KANSAS CITY,MO,JACKSON
64134,"KANSAS CITY, MO",KANSAS CITY,MO,JACKSON
64136,"KANSAS CITY, MO",KANSAS CITY,MO,JACKSON
64137,"KANSAS CITY, MO",KANSAS CITY,MO,JACKSON
64138,"KANSAS CITY, MO",KANSAS CITY,MO,JACKSON
64139,"KANSAS CITY, MO",KANSAS CITY,MO,JACKSON
64141,"KANSAS CITY, MO",KANSAS CITY,MO,JACKSON
64145,"KANSAS CITY, MO",KANSAS CITY,MO,JACKSON
64146,"KANSAS CITY, MO",KANSAS CITY,MO,JACKSON
64147,"KANSAS CITY, MO",KANSAS CITY,MO,JACKSON
64148,"KANSAS CITY, MO",KANSAS CITY,MO,JACKSON
64149,"KANSAS CITY, MO",KANSAS CITY,MO,JACKSON
64171,"KANSAS CITY, MO",KANSAS CITY,MO,JACKSON
64191,"KANSAS CITY, MO",KANSAS CITY,MO,JACKSON
64196,"KANSAS CITY, MO",KANSAS CITY,MO,JACKSON
64197,"KANSAS CITY, MO",KANSAS CITY,MO,JACKSON
64198,"KANSAS CITY, MO",KANSAS CITY,MO,JACKSON
64199,"KANSAS CITY, MO",KANSAS CITY,MO,JACKSON
64999,"KANSAS CITY, MO",KANSAS CITY,MO,JACKSON
64151,"KANSAS CITY, MO",KANSAS CITY,MO,PLATTE
64152,"KANSAS CITY, MO",KANSAS CITY,MO,PLATTE
64153,"KANSAS CITY, MO",KANSAS CITY,MO,PLATTE
64154,"KANSAS CITY, MO",KANSAS CITY,MO,PLATTE
64163,"KANSAS CITY, MO",KANSAS CITY,MO,PLATTE
64164,"KANSAS CITY, MO",KANSAS CITY,MO,PLATTE
64168,"KANSAS CITY, MO",KANSAS CITY,MO,PLATTE
64190,"KANSAS CITY, MO",KANSAS CITY,MO,PLATTE
64195,"KANSAS CITY, MO",KANSAS CITY,MO,PLATTE
64060,"KEARNEY, MO",KEARNEY,MO,CLAY
63758,"KELSO, MO",KELSO,MO,SCOTT
63857,"KENNETT, MO",KENNETT,MO,DUNKLIN
63860,"KEWANEE, MO",KEWANEE,MO,NEW MADRID
65261,"KEYTESVILLE, MO",KEYTESVILLE,MO,CHARITON
64649,"KIDDER, MO",KIDDER,MO,CALDWELL
65686,"KIMBERLING CITY, MO",KIMBERLING CITY,MO,STONE
63053,"KIMMSWICK, MO",KIMMSWICK,MO,JEFFERSON
64463,"KING CITY, MO",KING CITY,MO,GENTRY
65262,"KINGDOM CITY, MO",KINGDOM CITY,MO,CALLAWAY
64650,"KINGSTON, MO",KINGSTON,MO,CALDWELL
64061,"KINGSVILLE, MO",KINGSVILLE,MO,JOHNSON
65679,"KIRBYVILLE, MO",KIRBYVILLE,MO,TANEY
63501,"KIRKSVILLE, MO",KIRKSVILLE,MO,ADAIR
65680,"KISSEE MILLS, MO",KISSEE MILLS,MO,TANEY
63651,"KNOB LICK, MO",KNOB LICK,MO,SAINT FRANCOIS
65336,"KNOB NOSTER, MO",KNOB NOSTER,MO,JOHNSON
63446,"KNOX CITY, MO",KNOX CITY,MO,KNOX
65048,"KOELTZTOWN, MO",KOELTZTOWN,MO,OSAGE
65692,"KOSHKONONG, MO",KOSHKONONG,MO,OREGON
63447,"LA BELLE, MO",LA BELLE,MO,LEWIS
63448,"LA GRANGE, MO",LA GRANGE,MO,LEWIS
65337,"LA MONTE, MO",LA MONTE,MO,PETTIS
63549,"LA PLATA, MO",LA PLATA,MO,MACON
64848,"LA RUSSELL, MO",LA RUSSELL,MO,LAWRENCE
63055,"LABADIE, MO",LABADIE,MO,FRANKLIN
64651,"LACLEDE, MO",LACLEDE,MO,LINN
63352,"LADDONIA, MO",LADDONIA,MO,AUDRAIN
65049,"LAKE OZARK, MO",LAKE OZARK,MO,CAMDEN
63367,"LAKE SAINT LOUIS, MO",LAKE SAINT LOUIS,MO,SAINT CHARLES
65532,"LAKE SPRING, MO",LAKE SPRING,MO,DENT
64759,"LAMAR, MO",LAMAR,MO,BARTON
65681,"LAMPE, MO",LAMPE,MO,STONE
64847,"LANAGAN, MO",LANAGAN,MO,MCDONALD
63548,"LANCASTER, MO",LANCASTER,MO,SCHUYLER
65534,"LAQUEY, MO",LAQUEY,MO,PULASKI
64652,"LAREDO, MO",LAREDO,MO,GRUNDY
65050,"LATHAM, MO",LATHAM,MO,MONITEAU
64465,"LATHROP, MO",LATHROP,MO,CLINTON
65038,"LAURIE, MO",LAURIE,MO,MORGAN
64062,"LAWSON, MO",LAWSON,MO,RAY
63653,"LEADWOOD, MO",LEADWOOD,MO,SAINT FRANCOIS
65535,"LEASBURG, MO",LEASBURG,MO,CRAWFORD
65536,"LEBANON, MO",LEBANON,MO,LACLEDE
64063,"LEES SUMMIT, MO",LEES SUMMIT,MO,JACKSON
64064,"LEES SUMMIT, MO",LEES SUMMIT,MO,JACKSON
64065,"LEES SUMMIT, MO",LEES SUMMIT,MO,JACKSON
64081,"LEES SUMMIT, MO",LEES SUMMIT,MO,JACKSON
64082,"LEES SUMMIT, MO",LEES SUMMIT,MO,JACKSON
64086,"LEES SUMMIT, MO",LEES SUMMIT,MO,JACKSON
64761,"LEETON, MO",LEETON,MO,JOHNSON
65541,"LENOX, MO",LENOX,MO,DENT
63451,"LEONARD, MO",LEONARD,MO,SHELBY
63760,"LEOPOLD, MO",LEOPOLD,MO,BOLLINGER
63056,"LESLIE, MO",LESLIE,MO,FRANKLIN
63654,"LESTERVILLE, MO",LESTERVILLE,MO,REYNOLDS
64066,"LEVASY, MO",LEVASY,MO,JACKSON
63452,"LEWISTOWN, MO",LEWISTOWN,MO,LEWIS
64067,"LEXINGTON, MO",LEXINGTON,MO,LAFAYETTE
64762,"LIBERAL, MO",LIBERAL,MO,BARTON
64068,"LIBERTY, MO",LIBERTY,MO,CLAY
64069,"LIBERTY, MO",LIBERTY,MO,CLAY
65542,"LICKING, MO",LICKING,MO,TEXAS
63057,"LIGUORI, MO",LIGUORI,MO,JEFFERSON
63862,"LILBOURN, MO",LILBOURN,MO,NEW MADRID
65338,"LINCOLN, MO",LINCOLN,MO,BENTON
65051,"LINN, MO",LINN,MO,OSAGE
65052,"LINN CREEK, MO",LINN CREEK,MO,CAMDEN
64653,"LINNEUS, MO",LINNEUS,MO,LINN
63551,"LIVONIA, MO",LIVONIA,MO,PUTNAM
65682,"LOCKWOOD, MO",LOCKWOOD,MO,DADE
63950,"LODI, MO",LODI,MO,WAYNE
65053,"LOHMAN, MO",LOHMAN,MO,COLE
64070,"LONE JACK, MO",LONE JACK,MO,JACKSON
63060,"LONEDELL, MO",LONEDELL,MO,FRANKLIN
65590,"LONG LANE, MO",LONG LANE,MO,DALLAS
65054,"LOOSE CREEK, MO",LOOSE CREEK,MO,OSAGE
65685,"LOUISBURG, MO",LOUISBURG,MO,DALLAS
63353,"LOUISIANA, MO",LOUISIANA,MO,PIKE
63951,"LOWNDES, MO",LOWNDES,MO,WAYNE
64763,"LOWRY CITY, MO",LOWRY CITY,MO,SAINT CLAIR
64655,"LUCERNE, MO",LUCERNE,MO,PUTNAM
64656,"LUDLOW, MO",LUDLOW,MO,LIVINGSTON
63061,"LUEBBERING, MO",LUEBBERING,MO,FRANKLIN
63453,"LURAY, MO",LURAY,MO,CLARK
65543,"LYNCHBURG, MO",LYNCHBURG,MO,LACLEDE
65786,"MACKS CREEK, MO",MACKS CREEK,MO,CAMDEN
65702,"MACOMB, MO",MACOMB,MO,WRIGHT
63552,"MACON, MO",MACON,MO,MACON
65263,"MADISON, MO",MADISON,MO,MONROE
64466,"MAITLAND, MO",MAITLAND,MO,HOLT
63863,"MALDEN, MO",MALDEN,MO,DUNKLIN
65339,"MALTA BEND, MO",MALTA BEND,MO,SALINE
65704,"MANSFIELD, MO",MANSFIELD,MO,WRIGHT
63065,"MAPAVILLE, MO",MAPAVILLE,MO,JEFFERSON
63764,"MARBLE HILL, MO",MARBLE HILL,MO,BOLLINGER
64658,"MARCELINE, MO",MARCELINE,MO,LINN
65705,"MARIONVILLE, MO",MARIONVILLE,MO,LAWRENCE
63655,"MARQUAND, MO",MARQUAND,MO,MADISON
65340,"MARSHALL, MO",MARSHALL,MO,SALINE
65706,"MARSHFIELD, MO",MARSHFIELD,MO,WEBSTER
63866,"MARSTON, MO",MARSTON,MO,NEW MADRID
63357,"MARTHASVILLE, MO",MARTHASVILLE,MO,WARREN
65264,"MARTINSBURG, MO",MARTINSBURG,MO,AUDRAIN
63043,"MARYLAND HEIGHTS, MO",MARYLAND HEIGHTS,MO,SAINT LOUIS
64468,"MARYVILLE, MO",MARYVILLE,MO,NODAWAY
63867,"MATTHEWS, MO",MATTHEWS,MO,NEW MADRID
64469,"MAYSVILLE, MO",MAYSVILLE,MO,DEKALB
64071,"MAYVIEW, MO",MAYVIEW,MO,LAFAYETTE
63454,"MAYWOOD, MO",MAYWOOD,MO,MARION
63776,"MC BRIDE, MO",MC BRIDE,MO,PERRY
64657,"MC FALL, MO",MC FALL,MO,GENTRY
65055,"MC GIRK, MO",MC GIRK,MO,MONITEAU
64659,"MEADVILLE, MO",MEADVILLE,MO,LINN
63555,"MEMPHIS, MO",MEMPHIS,MO,SCOTLAND
64660,"MENDON, MO",MENDON,MO,CHARITON
64661,"MERCER, MO",MERCER,MO,MERCER
65058,"META, MO",META,MO,OSAGE
64765,"METZ, MO",METZ,MO,VERNON
65265,"MEXICO, MO",MEXICO,MO,AUDRAIN
65344,"MIAMI, MO",MIAMI,MO,SALINE
63656,"MIDDLE BROOK, MO",MIDDLE BROOK,MO,IRON
63359,"MIDDLETOWN, MO",MIDDLETOWN,MO,MONTGOMERY
63556,"MILAN, MO",MILAN,MO,SULLIVAN
64766,"MILFORD, MO",MILFORD,MO,BARTON
63952,"MILL SPRING, MO",MILL SPRING,MO,WAYNE
65707,"MILLER, MO",MILLER,MO,LAWRENCE
63766,"MILLERSVILLE, MO",MILLERSVILLE,MO,CAPE GIRARDEAU
64767,"MILO, MO",MILO,MO,VERNON
64769,"MINDENMINES, MO",MINDENMINES,MO,BARTON
63660,"MINERAL POINT, MO",MINERAL POINT,MO,WASHINGTON
64072,"MISSOURI CITY, MO",MISSOURI CITY,MO,CLAY
65270,"MOBERLY, MO",MOBERLY,MO,RANDOLPH
65059,"MOKANE, MO",MOKANE,MO,CALLAWAY
65708,"MONETT, MO",MONETT,MO,BARRY
63456,"MONROE CITY, MO",MONROE CITY,MO,MONROE
63361,"MONTGOMERY CITY, MO",MONTGOMERY CITY,MO,MONTGOMERY
63457,"MONTICELLO, MO",MONTICELLO,MO,LEWIS
65591,"MONTREAL, MO",MONTREAL,MO,CAMDEN
64770,"MONTROSE, MO",MONTROSE,MO,HENRY
65777,"MOODY, MO",MOODY,MO,HOWELL
64664,"MOORESVILLE, MO",MOORESVILLE,MO,LIVINGSTON
65345,"MORA, MO",MORA,MO,PETTIS
63868,"MOREHOUSE, MO",MOREHOUSE,MO,NEW MADRID
63767,"MORLEY, MO",MORLEY,MO,SCOTT
65061,"MORRISON, MO",MORRISON,MO,GASCONADE
65710,"MORRISVILLE, MO",MORRISVILLE,MO,POLK
64073,"MOSBY, MO",MOSBY,MO,CLAY
63362,"MOSCOW MILLS, MO",MOSCOW MILLS,MO,LINCOLN
64470,"MOUND CITY, MO",MOUND CITY,MO,HOLT
64771,"MOUNDVILLE, MO",MOUNDVILLE,MO,VERNON
65062,"MOUNT STERLING, MO",MOUNT STERLING,MO,GASCONADE
65712,"MOUNT VERNON, MO",MOUNT VERNON,MO,LAWRENCE
65711,"MOUNTAIN GROVE, MO",MOUNTAIN GROVE,MO,WRIGHT
65548,"MOUNTAIN VIEW, MO",MOUNTAIN VIEW,MO,HOWELL
65778,"MYRTLE, MO",MYRTLE,MO,OREGON
64074,"NAPOLEON, MO",NAPOLEON,MO,LAFAYETTE
63953,"NAYLOR, MO",NAYLOR,MO,RIPLEY
63954,"NEELYVILLE, MO",NEELYVILLE,MO,BUTLER
65347,"NELSON, MO",NELSON,MO,SALINE
64850,"NEOSHO, MO",NEOSHO,MO,NEWTON
64772,"NEVADA, MO",NEVADA,MO,VERNON
65063,"NEW BLOOMFIELD, MO",NEW BLOOMFIELD,MO,CALLAWAY
63557,"NEW BOSTON, MO",NEW BOSTON,MO,LINN
63558,"NEW CAMBRIA, MO",NEW CAMBRIA,MO,MACON
63363,"NEW FLORENCE, MO",NEW FLORENCE,MO,MONTGOMERY
65274,"NEW FRANKLIN, MO",NEW FRANKLIN,MO,HOWARD
64471,"NEW HAMPTON, MO",NEW HAMPTON,MO,HARRISON
63068,"NEW HAVEN, MO",NEW HAVEN,MO,FRANKLIN
63459,"NEW LONDON, MO",NEW LONDON,MO,RALLS
63869,"NEW MADRID, MO",NEW MADRID,MO,NEW MADRID
63365,"NEW MELLE, MO",NEW MELLE,MO,SAINT CHARLES
63458,"NEWARK, MO",NEWARK,MO,KNOX
65550,"NEWBURG, MO",NEWBURG,MO,PHELPS
64667,"NEWTOWN, MO",NEWTOWN,MO,SULLIVAN
65713,"NIANGUA, MO",NIANGUA,MO,WEBSTER
65714,"NIXA, MO",NIXA,MO,CHRISTIAN
65715,"NOBLE, MO",NOBLE,MO,OZARK
64854,"NOEL, MO",NOEL,MO,MCDONALD
64668,"NORBORNE, MO",NORBORNE,MO,CARROLL
65717,"NORWOOD, MO",NORWOOD,MO,WRIGHT
63460,"NOVELTY, MO",NOVELTY,MO,KNOX
63559,"NOVINGER, MO",NOVINGER,MO,ADAIR
63366,"O FALLON, MO",O FALLON,MO,SAINT CHARLES
63368,"O FALLON, MO",O FALLON,MO,SAINT CHARLES
64075,"OAK GROVE, MO",OAK GROVE,MO,JACKSON
63769,"OAK RIDGE, MO",OAK RIDGE,MO,CAPE GIRARDEAU
64076,"ODESSA, MO",ODESSA,MO,LAFAYETTE
63770,"OLD APPLETON, MO",OLD APPLETON,MO,CAPE GIRARDEAU
63369,"OLD MONROE, MO",OLD MONROE,MO,LINCOLN
65720,"OLDFIELD, MO",OLDFIELD,MO,CHRISTIAN
65064,"OLEAN, MO",OLEAN,MO,MILLER
63771,"ORAN, MO",ORAN,MO,SCOTT
64473,"OREGON, MO",OREGON,MO,HOLT
64855,"ORONOGO, MO",ORONOGO,MO,JASPER
64077,"ORRICK, MO",ORRICK,MO,RAY
65065,"OSAGE BEACH, MO",OSAGE BEACH,MO,CAMDEN
64474,"OSBORN, MO",OSBORN,MO,DEKALB
64776,"OSCEOLA, MO",OSCEOLA,MO,SAINT CLAIR
65348,"OTTERVILLE, MO",OTTERVILLE,MO,COOPER
65066,"OWENSVILLE, MO",OWENSVILLE,MO,GASCONADE
63955,"OXLY, MO",OXLY,MO,RIPLEY
65721,"OZARK, MO",OZARK,MO,CHRISTIAN
63069,"PACIFIC, MO",PACIFIC,MO,FRANKLIN
63461,"PALMYRA, MO",PALMYRA,MO,MARION
65275,"PARIS, MO",PARIS,MO,MONROE
63601,"PARK HILLS, MO",PARK HILLS,MO,SAINT FRANCOIS
63870,"PARMA, MO",PARMA,MO,NEW MADRID
64475,"PARNELL, MO",PARNELL,MO,NODAWAY
63956,"PATTERSON, MO",PATTERSON,MO,WAYNE
63662,"PATTON, MO",PATTON,MO,BOLLINGER
64670,"PATTONSBURG, MO",PATTONSBURG,MO,DAVIESS
65788,"PEACE VALLEY, MO",PEACE VALLEY,MO,HOWELL
64078,"PECULIAR, MO",PECULIAR,MO,CASS
63774,"PERKINS, MO",PERKINS,MO,SCOTT
63462,"PERRY, MO",PERRY,MO,RALLS
63775,"PERRYVILLE, MO",PERRYVILLE,MO,PERRY
63070,"PEVELY, MO",PEVELY,MO,JEFFERSON
63463,"PHILADELPHIA, MO",PHILADELPHIA,MO,MARION
65722,"PHILLIPSBURG, MO",PHILLIPSBURG,MO,LACLEDE
64476,"PICKERING, MO",PICKERING,MO,NODAWAY
63957,"PIEDMONT, MO",PIEDMONT,MO,WAYNE
65723,"PIERCE CITY, MO",PIERCE CITY,MO,LAWRENCE
65276,"PILOT GROVE, MO",PILOT GROVE,MO,COOPER
63663,"PILOT KNOB, MO",PILOT KNOB,MO,IRON
64856,"PINEVILLE, MO",PINEVILLE,MO,MCDONALD
65724,"PITTSBURG, MO",PITTSBURG,MO,HICKORY
65552,"PLATO, MO",PLATO,MO,TEXAS
64079,"PLATTE CITY, MO",PLATTE CITY,MO,PLATTE
64477,"PLATTSBURG, MO",PLATTSBURG,MO,CLINTON
64080,"PLEASANT HILL, MO",PLEASANT HILL,MO,CASS
65725,"PLEASANT HOPE, MO",PLEASANT HOPE,MO,GREENE
63464,"PLEVNA, MO",PLEVNA,MO,KNOX
63779,"POCAHONTAS, MO",POCAHONTAS,MO,CAPE GIRARDEAU
65726,"POINT LOOKOUT, MO",POINT LOOKOUT,MO,TANEY
65727,"POLK, MO",POLK,MO,POLK
63560,"POLLOCK, MO",POLLOCK,MO,SULLIVAN
64671,"POLO, MO",POLO,MO,CALDWELL
65789,"POMONA, MO",POMONA,MO,HOWELL
65729,"PONTIAC, MO",PONTIAC,MO,OZARK
63901,"POPLAR BLUFF, MO",POPLAR BLUFF,MO,BUTLER
63902,"POPLAR BLUFF, MO",POPLAR BLUFF,MO,BUTLER
63373,"PORTAGE DES SIOUX, MO",PORTAGE DES SIOUX,MO,SAINT CHARLES
63873,"PORTAGEVILLE, MO",PORTAGEVILLE,MO,NEW MADRID
65067,"PORTLAND, MO",PORTLAND,MO,CALLAWAY
63664,"POTOSI, MO",POTOSI,MO,WASHINGTON
65790,"POTTERSVILLE, MO",POTTERSVILLE,MO,HOWELL
65730,"POWELL, MO",POWELL,MO,MCDONALD
65731,"POWERSITE, MO",POWERSITE,MO,TANEY
64672,"POWERSVILLE, MO",POWERSVILLE,MO,PUTNAM
65068,"PRAIRIE HOME, MO",PRAIRIE HOME,MO,COOPER
65732,"PRESTON, MO",PRESTON,MO,HICKORY
64673,"PRINCETON, MO",PRINCETON,MO,MERCER
65733,"PROTEM, MO",PROTEM,MO,TANEY
64857,"PURCELL, MO",PURCELL,MO,JASPER
64674,"PURDIN, MO",PURDIN,MO,LINN
65734,"PURDY, MO",PURDY,MO,BARRY
63960,"PUXICO, MO",PUXICO,MO,STODDARD
63561,"QUEEN CITY, MO",QUEEN CITY,MO,SCHUYLER
65735,"QUINCY, MO",QUINCY,MO,HICKORY
63961,"QULIN, MO",QULIN,MO,BUTLER
64858,"RACINE, MO",RACINE,MO,NEWTON
64479,"RAVENWOOD, MO",RAVENWOOD,MO,NODAWAY
65555,"RAYMONDVILLE, MO",RAYMONDVILLE,MO,TEXAS
64083,"RAYMORE, MO",RAYMORE,MO,CASS
64084,"RAYVILLE, MO",RAYVILLE,MO,RAY
64480,"REA, MO",REA,MO,ANDREW
63665,"REDFORD, MO",REDFORD,MO,REYNOLDS
64859,"REEDS, MO",REEDS,MO,JASPER
65737,"REEDS SPRING, MO",REEDS SPRING,MO,STONE
65738,"REPUBLIC, MO",REPUBLIC,MO,GREENE
63465,"REVERE, MO",REVERE,MO,CLARK
63666,"REYNOLDS, MO",REYNOLDS,MO,REYNOLDS
65069,"RHINELAND, MO",RHINELAND,MO,MONTGOMERY
64779,"RICH HILL, MO",RICH HILL,MO,BATES
64778,"RICHARDS, MO",RICHARDS,MO,VERNON
65556,"RICHLAND, MO",RICHLAND,MO,PULASKI
64085,"RICHMOND, MO",RICHMOND,MO,RAY
63071,"RICHWOODS, MO",RICHWOODS,MO,WASHINGTON
65739,"RIDGEDALE, MO",RIDGEDALE,MO,TANEY
64481,"RIDGEWAY, MO",RIDGEWAY,MO,HARRISON
63874,"RISCO, MO",RISCO,MO,NEW MADRID
64150,"RIVERSIDE, MO",RIVERSIDE,MO,PLATTE
65787,"ROACH, MO",ROACH,MO,CAMDEN
63072,"ROBERTSVILLE, MO",ROBERTSVILLE,MO,FRANKLIN
65557,"ROBY, MO",ROBY,MO,TEXAS
65279,"ROCHEPORT, MO",ROCHEPORT,MO,BOONE
64482,"ROCK PORT, MO",ROCK PORT,MO,ATCHISON
65740,"ROCKAWAY BEACH, MO",ROCKAWAY BEACH,MO,TANEY
65741,"ROCKBRIDGE, MO",ROCKBRIDGE,MO,OZARK
64780,"ROCKVILLE, MO",ROCKVILLE,MO,BATES
64861,"ROCKY COMFORT, MO",ROCKY COMFORT,MO,MCDONALD
65072,"ROCKY MOUNT, MO",ROCKY MOUNT,MO,MORGAN
65742,"ROGERSVILLE, MO",ROGERSVILLE,MO,WEBSTER
65401,"ROLLA, MO",ROLLA,MO,PHELPS
65402,"ROLLA, MO",ROLLA,MO,PHELPS
65409,"ROLLA, MO",ROLLA,MO,PHELPS
64781,"ROSCOE, MO",ROSCOE,MO,SAINT CLAIR
63091,"ROSEBUD, MO",ROSEBUD,MO,GASCONADE
64483,"ROSENDALE, MO",ROSENDALE,MO,ANDREW
64676,"ROTHVILLE, MO",ROTHVILLE,MO,CHARITON
65744,"RUETER, MO",RUETER,MO,TANEY
65280,"RUSH HILL, MO",RUSH HILL,MO,AUDRAIN
64484,"RUSHVILLE, MO",RUSHVILLE,MO,BUCHANAN
65074,"RUSSELLVILLE, MO",RUSSELLVILLE,MO,COLE
63563,"RUTLEDGE, MO",RUTLEDGE,MO,SCOTLAND
64864,"SAGINAW, MO",SAGINAW,MO,NEWTON
63073,"SAINT ALBANS, MO",SAINT ALBANS,MO,FRANKLIN
63074,"SAINT ANN, MO",SAINT ANN,MO,SAINT LOUIS
63301,"SAINT CHARLES, MO",SAINT CHARLES,MO,SAINT CHARLES
63302,"SAINT CHARLES, MO",SAINT CHARLES,MO,SAINT CHARLES
63303,"SAINT CHARLES, MO",SAINT CHARLES,MO,SAINT CHARLES
63304,"SAINT CHARLES, MO",SAINT CHARLES,MO,SAINT CHARLES
63077,"SAINT CLAIR, MO",SAINT CLAIR,MO,FRANKLIN
65075,"SAINT ELIZABETH, MO",SAINT ELIZABETH,MO,MILLER
65559,"SAINT JAMES, MO",SAINT JAMES,MO,PHELPS
64501,"SAINT JOSEPH, MO",SAINT JOSEPH,MO,BUCHANAN
64502,"SAINT JOSEPH, MO",SAINT JOSEPH,MO,BUCHANAN
64503,"SAINT JOSEPH, MO",SAINT JOSEPH,MO,BUCHANAN
64504,"SAINT JOSEPH, MO",SAINT JOSEPH,MO,BUCHANAN
64505,"SAINT JOSEPH, MO",SAINT JOSEPH,MO,BUCHANAN
64506,"SAINT JOSEPH, MO",SAINT JOSEPH,MO,BUCHANAN
64507,"SAINT JOSEPH, MO",SAINT JOSEPH,MO,BUCHANAN
64508,"SAINT JOSEPH, MO",SAINT JOSEPH,MO,BUCHANAN
63105,"SAINT LOUIS, MO",SAINT LOUIS,MO,SAINT LOUIS
63114,"SAINT LOUIS, MO",SAINT LOUIS,MO,SAINT LOUIS
63117,"SAINT LOUIS, MO",SAINT LOUIS,MO,SAINT LOUIS
63119,"SAINT LOUIS, MO",SAINT LOUIS,MO,SAINT LOUIS
63121,"SAINT LOUIS, MO",SAINT LOUIS,MO,SAINT LOUIS
63122,"SAINT LOUIS, MO",SAINT LOUIS,MO,SAINT LOUIS
63123,"SAINT LOUIS, MO",SAINT LOUIS,MO,SAINT LOUIS
63124,"SAINT LOUIS, MO",SAINT LOUIS,MO,SAINT LOUIS
63125,"SAINT LOUIS, MO",SAINT LOUIS,MO,SAINT LOUIS
63126,"SAINT LOUIS, MO",SAINT LOUIS,MO,SAINT LOUIS
63127,"SAINT LOUIS, MO",SAINT LOUIS,MO,SAINT LOUIS
63128,"SAINT LOUIS, MO",SAINT LOUIS,MO,SAINT LOUIS
63129,"SAINT LOUIS, MO",SAINT LOUIS,MO,SAINT LOUIS
63130,"SAINT LOUIS, MO",SAINT LOUIS,MO,SAINT LOUIS
63131,"SAINT LOUIS, MO",SAINT LOUIS,MO,SAINT LOUIS
63132,"SAINT LOUIS, MO",SAINT LOUIS,MO,SAINT LOUIS
63133,"SAINT LOUIS, MO",SAINT LOUIS,MO,SAINT LOUIS
63134,"SAINT LOUIS, MO",SAINT LOUIS,MO,SAINT LOUIS
63135,"SAINT LOUIS, MO",SAINT LOUIS,MO,SAINT LOUIS
63136,"SAINT LOUIS, MO",SAINT LOUIS,MO,SAINT LOUIS
63137,"SAINT LOUIS, MO",SAINT LOUIS,MO,SAINT LOUIS
63138,"SAINT LOUIS, MO",SAINT LOUIS,MO,SAINT LOUIS
63140,"SAINT LOUIS, MO",SAINT LOUIS,MO,SAINT LOUIS
63141,"SAINT LOUIS, MO",SAINT LOUIS,MO,SAINT LOUIS
63143,"SAINT LOUIS, MO",SAINT LOUIS,MO,SAINT LOUIS
63144,"SAINT LOUIS, MO",SAINT LOUIS,MO,SAINT LOUIS
63145,"SAINT LOUIS, MO",SAINT LOUIS,MO,SAINT LOUIS
63146,"SAINT LOUIS, MO",SAINT LOUIS,MO,SAINT LOUIS
63151,"SAINT LOUIS, MO",SAINT LOUIS,MO,SAINT LOUIS
63167,"SAINT LOUIS, MO",SAINT LOUIS,MO,SAINT LOUIS
63101,"SAINT LOUIS, MO",SAINT LOUIS,MO,SAINT LOUIS CITY
63102,"SAINT LOUIS, MO",SAINT LOUIS,MO,SAINT LOUIS CITY
63103,"SAINT LOUIS, MO",SAINT LOUIS,MO,SAINT LOUIS CITY
63104,"SAINT LOUIS, MO",SAINT LOUIS,MO,SAINT LOUIS CITY
63106,"SAINT LOUIS, MO",SAINT LOUIS,MO,SAINT LOUIS CITY
63107,"SAINT LOUIS, MO",SAINT LOUIS,MO,SAINT LOUIS CITY
63108,"SAINT LOUIS, MO",SAINT LOUIS,MO,SAINT LOUIS CITY
63109,"SAINT LOUIS, MO",SAINT LOUIS,MO,SAINT LOUIS CITY
63110,"SAINT LOUIS, MO",SAINT LOUIS,MO,SAINT LOUIS CITY
63111,"SAINT LOUIS, MO",SAINT LOUIS,MO,SAINT LOUIS CITY
63112,"SAINT LOUIS, MO",SAINT LOUIS,MO,SAINT LOUIS CITY
63113,"SAINT LOUIS, MO",SAINT LOUIS,MO,SAINT LOUIS CITY
63115,"SAINT LOUIS, MO",SAINT LOUIS,MO,SAINT LOUIS CITY
63116,"SAINT LOUIS, MO",SAINT LOUIS,MO,SAINT LOUIS CITY
63118,"SAINT LOUIS, MO",SAINT LOUIS,MO,SAINT LOUIS CITY
63120,"SAINT LOUIS, MO",SAINT LOUIS,MO,SAINT LOUIS CITY
63139,"SAINT LOUIS, MO",SAINT LOUIS,MO,SAINT LOUIS CITY
63147,"SAINT LOUIS, MO",SAINT LOUIS,MO,SAINT LOUIS CITY
63150,"SAINT LOUIS, MO",SAINT LOUIS,MO,SAINT LOUIS CITY
63155,"SAINT LOUIS, MO",SAINT LOUIS,MO,SAINT LOUIS CITY
63156,"SAINT LOUIS, MO",SAINT LOUIS,MO,SAINT LOUIS CITY
63157,"SAINT LOUIS, MO",SAINT LOUIS,MO,SAINT LOUIS CITY
63158,"SAINT LOUIS, MO",SAINT LOUIS,MO,SAINT LOUIS CITY
63160,"SAINT LOUIS, MO",SAINT LOUIS,MO,SAINT LOUIS CITY
63163,"SAINT LOUIS, MO",SAINT LOUIS,MO,SAINT LOUIS CITY
63164,"SAINT LOUIS, MO",SAINT LOUIS,MO,SAINT LOUIS CITY
63166,"SAINT LOUIS, MO",SAINT LOUIS,MO,SAINT LOUIS CITY
63177,"SAINT LOUIS, MO",SAINT LOUIS,MO,SAINT LOUIS CITY
63178,"SAINT LOUIS, MO",SAINT LOUIS,MO,SAINT LOUIS CITY
63180,"SAINT LOUIS, MO",SAINT LOUIS,MO,SAINT LOUIS CITY
63673,"SAINT MARY, MO",SAINT MARY,MO,SAINTE GENEVIEVE
63376,"SAINT PETERS, MO",SAINT PETERS,MO,SAINT CHARLES
65584,"SAINT ROBERT, MO",SAINT ROBERT,MO,PULASKI
65076,"SAINT THOMAS, MO",SAINT THOMAS,MO,COLE
63670,"SAINTE GENEVIEVE, MO",SAINTE GENEVIEVE,MO,SAINTE GENEVIEVE
65560,"SALEM, MO",SALEM,MO,DENT
65281,"SALISBURY, MO",SALISBURY,MO,CHARITON
65282,"SANTA FE, MO",SANTA FE,MO,MONROE
64862,"SARCOXIE, MO",SARCOXIE,MO,JASPER
64485,"SAVANNAH, MO",SAVANNAH,MO,ANDREW
63467,"SAVERTON, MO",SAVERTON,MO,RALLS
64783,"SCHELL CITY, MO",SCHELL CITY,MO,VERNON
63780,"SCOTT CITY, MO",SCOTT CITY,MO,SCOTT
65301,"SEDALIA, MO",SEDALIA,MO,PETTIS
65302,"SEDALIA, MO",SEDALIA,MO,PETTIS
63781,"SEDGEWICKVILLE, MO",SEDGEWICKVILLE,MO,BOLLINGER
65745,"SELIGMAN, MO",SELIGMAN,MO,BARRY
63876,"SENATH, MO",SENATH,MO,DUNKLIN
64865,"SENECA, MO",SENECA,MO,NEWTON
65746,"SEYMOUR, MO",SEYMOUR,MO,WEBSTER
63468,"SHELBINA, MO",SHELBINA,MO,SHELBY
63469,"SHELBYVILLE, MO",SHELBYVILLE,MO,SHELBY
64784,"SHELDON, MO",SHELDON,MO,VERNON
65747,"SHELL KNOB, MO",SHELL KNOB,MO,BARRY
64486,"SHERIDAN, MO",SHERIDAN,MO,WORTH
64088,"SIBLEY, MO",SIBLEY,MO,JACKSON
63801,"SIKESTON, MO",SIKESTON,MO,SCOTT
63377,"SILEX, MO",SILEX,MO,LINCOLN
63964,"SILVA, MO",SILVA,MO,WAYNE
64487,"SKIDMORE, MO",SKIDMORE,MO,NODAWAY
65349,"SLATER, MO",SLATER,MO,SALINE
65350,"SMITHTON, MO",SMITHTON,MO,PETTIS
64089,"SMITHVILLE, MO",SMITHVILLE,MO,CLAY
65752,"SOUTH GREENFIELD, MO",SOUTH GREENFIELD,MO,DADE
64863,"SOUTH WEST CITY, MO",SOUTH WEST CITY,MO,MCDONALD
65753,"SPARTA, MO",SPARTA,MO,CHRISTIAN
64679,"SPICKARD, MO",SPICKARD,MO,GRUNDY
65754,"SPOKANE, MO",SPOKANE,MO,CHRISTIAN
65801,"SPRINGFIELD, MO",SPRINGFIELD,MO,GREENE
65802,"SPRINGFIELD, MO",SPRINGFIELD,MO,GREENE
65803,"SPRINGFIELD, MO",SPRINGFIELD,MO,GREENE
65804,"SPRINGFIELD, MO",SPRINGFIELD,MO,GREENE
65805,"SPRINGFIELD, MO",SPRINGFIELD,MO,GREENE
65806,"SPRINGFIELD, MO",SPRINGFIELD,MO,GREENE
65807,"SPRINGFIELD, MO",SPRINGFIELD,MO,GREENE
65808,"SPRINGFIELD, MO",SPRINGFIELD,MO,GREENE
65809,"SPRINGFIELD, MO",SPRINGFIELD,MO,GREENE
65810,"SPRINGFIELD, MO",SPRINGFIELD,MO,GREENE
65814,"SPRINGFIELD, MO",SPRINGFIELD,MO,GREENE
65897,"SPRINGFIELD, MO",SPRINGFIELD,MO,GREENE
65898,"SPRINGFIELD, MO",SPRINGFIELD,MO,GREENE
65755,"SQUIRES, MO",SQUIRES,MO,DOUGLAS
64489,"STANBERRY, MO",STANBERRY,MO,GENTRY
63079,"STANTON, MO",STANTON,MO,FRANKLIN
64866,"STARK CITY, MO",STARK CITY,MO,NEWTON
65077,"STEEDMAN, MO",STEEDMAN,MO,CALLAWAY
63877,"STEELE, MO",STEELE,MO,PEMISCOT
65565,"STEELVILLE, MO",STEELVILLE,MO,CRAWFORD
64867,"STELLA, MO",STELLA,MO,NEWTON
64490,"STEWARTSVILLE, MO",STEWARTSVILLE,MO,DEKALB
65785,"STOCKTON, MO",STOCKTON,MO,CEDAR
65756,"STOTTS CITY, MO",STOTTS CITY,MO,LAWRENCE
65567,"STOUTLAND, MO",STOUTLAND,MO,LACLEDE
65283,"STOUTSVILLE, MO",STOUTSVILLE,MO,MONROE
65078,"STOVER, MO",STOVER,MO,MORGAN
65757,"STRAFFORD, MO",STRAFFORD,MO,GREENE
64090,"STRASBURG, MO",STRASBURG,MO,CASS
63782,"STURDIVANT, MO",STURDIVANT,MO,BOLLINGER
65284,"STURGEON, MO",STURGEON,MO,BOONE
65570,"SUCCESS, MO",SUCCESS,MO,TEXAS
63080,"SULLIVAN, MO",SULLIVAN,MO,FRANKLIN
65571,"SUMMERSVILLE, MO",SUMMERSVILLE,MO,TEXAS
64681,"SUMNER, MO",SUMNER,MO,CHARITON
65079,"SUNRISE BEACH, MO",SUNRISE BEACH,MO,CAMDEN
65351,"SWEET SPRINGS, MO",SWEET SPRINGS,MO,SALINE
65354,"SYRACUSE, MO",SYRACUSE,MO,MORGAN
63878,"TALLAPOOSA, MO",TALLAPOOSA,MO,NEW MADRID
65759,"TANEYVILLE, MO",TANEYVILLE,MO,TANEY
64491,"TARKIO, MO",TARKIO,MO,ATCHISON
63471,"TAYLOR, MO",TAYLOR,MO,MARION
65080,"TEBBETTS, MO",TEBBETTS,MO,CALLAWAY
65760,"TECUMSEH, MO",TECUMSEH,MO,OZARK
65791,"THAYER, MO",THAYER,MO,OREGON
65761,"THEODOSIA, MO",THEODOSIA,MO,OZARK
65285,"THOMPSON, MO",THOMPSON,MO,AUDRAIN
65762,"THORNFIELD, MO",THORNFIELD,MO,OZARK
63674,"TIFF, MO",TIFF,MO,WASHINGTON
64868,"TIFF CITY, MO",TIFF CITY,MO,MCDONALD
64682,"TINA, MO",TINA,MO,CARROLL
65081,"TIPTON, MO",TIPTON,MO,MONITEAU
64683,"TRENTON, MO",TRENTON,MO,GRUNDY
64492,"TRIMBLE, MO",TRIMBLE,MO,CLINTON
65286,"TRIPLETT, MO",TRIPLETT,MO,CHARITON
63379,"TROY, MO",TROY,MO,LINCOLN
63380,"TRUESDALE, MO",TRUESDALE,MO,WARREN
63381,"TRUXTON, MO",TRUXTON,MO,LINCOLN
65764,"TUNAS, MO",TUNAS,MO,DALLAS
65765,"TURNERS, MO",TURNERS,MO,GREENE
64493,"TURNEY, MO",TURNEY,MO,CLINTON
65082,"TUSCUMBIA, MO",TUSCUMBIA,MO,MILLER
65766,"UDALL, MO",UDALL,MO,OZARK
65083,"ULMAN, MO",ULMAN,MO,MILLER
63084,"UNION, MO",UNION,MO,FRANKLIN
64494,"UNION STAR, MO",UNION STAR,MO,DEKALB
63783,"UNIONTOWN, MO",UNIONTOWN,MO,PERRY
63565,"UNIONVILLE, MO",UNIONVILLE,MO,PUTNAM
65767,"URBANA, MO",URBANA,MO,DALLAS
64788,"URICH, MO",URICH,MO,HENRY
63087,"VALLES MINES, MO",VALLES MINES,MO,SAINT FRANCOIS
63088,"VALLEY PARK, MO",VALLEY PARK,MO,SAINT LOUIS
63965,"VAN BUREN, MO",VAN BUREN,MO,CARTER
63382,"VANDALIA, MO",VANDALIA,MO,AUDRAIN
63784,"VANDUSER, MO",VANDUSER,MO,SCOTT
65768,"VANZANT, MO",VANZANT,MO,DOUGLAS
65769,"VERONA, MO",VERONA,MO,LAWRENCE
65084,"VERSAILLES, MO",VERSAILLES,MO,MORGAN
65566,"VIBURNUM, MO",VIBURNUM,MO,IRON
65580,"VICHY, MO",VICHY,MO,MARIES
65582,"VIENNA, MO",VIENNA,MO,MARIES
63089,"VILLA RIDGE, MO",VILLA RIDGE,MO,FRANKLIN
63675,"VULCAN, MO",VULCAN,MO,IRON
64092,"WALDRON, MO",WALDRON,MO,PLATTE
64790,"WALKER, MO",WALKER,MO,VERNON
65770,"WALNUT GROVE, MO",WALNUT GROVE,MO,GREENE
65771,"WALNUT SHADE, MO",WALNUT SHADE,MO,TANEY
63966,"WAPPAPELLO, MO",WAPPAPELLO,MO,WAYNE
63879,"WARDELL, MO",WARDELL,MO,PEMISCOT
64093,"WARRENSBURG, MO",WARRENSBURG,MO,JOHNSON
63383,"WARRENTON, MO",WARRENTON,MO,WARREN
65355,"WARSAW, MO",WARSAW,MO,BENTON
65772,"WASHBURN, MO",WASHBURN,MO,BARRY
63090,"WASHINGTON, MO",WASHINGTON,MO,FRANKLIN
65773,"WASOLA, MO",WASOLA,MO,OZARK
64496,"WATSON, MO",WATSON,MO,ATCHISON
64096,"WAVERLY, MO",WAVERLY,MO,LAFAYETTE
63472,"WAYLAND, MO",WAYLAND,MO,CLARK
65583,"WAYNESVILLE, MO",WAYNESVILLE,MO,PULASKI
64497,"WEATHERBY, MO",WEATHERBY,MO,DEKALB
65774,"WEAUBLEAU, MO",WEAUBLEAU,MO,HICKORY
64870,"WEBB CITY, MO",WEBB CITY,MO,JASPER
64097,"WELLINGTON, MO",WELLINGTON,MO,LAFAYETTE
63384,"WELLSVILLE, MO",WELLSVILLE,MO,MONTGOMERY
64873,"WENTWORTH, MO",WENTWORTH,MO,LAWRENCE
63385,"WENTZVILLE, MO",WENTZVILLE,MO,SAINT CHARLES
63386,"WEST ALTON, MO",WEST ALTON,MO,SAINT CHARLES
65775,"WEST PLAINS, MO",WEST PLAINS,MO,HOWELL
64498,"WESTBORO, MO",WESTBORO,MO,ATCHISON
64098,"WESTON, MO",WESTON,MO,PLATTE
65085,"WESTPHALIA, MO",WESTPHALIA,MO,OSAGE
65779,"WHEATLAND, MO",WHEATLAND,MO,HICKORY
64874,"WHEATON, MO",WHEATON,MO,BARRY
64688,"WHEELING, MO",WHEELING,MO,LIVINGSTON
65305,"WHITEMAN AIR FORCE BASE, MO",WHITEMAN AIR FORCE BASE,MO,JOHNSON
63880,"WHITEOAK, MO",WHITEOAK,MO,DUNKLIN
63387,"WHITESIDE, MO",WHITESIDE,MO,LINCOLN
63785,"WHITEWATER, MO",WHITEWATER,MO,CAPE GIRARDEAU
65781,"WILLARD, MO",WILLARD,MO,GREENE
63388,"WILLIAMSBURG, MO",WILLIAMSBURG,MO,CALLAWAY
63473,"WILLIAMSTOWN, MO",WILLIAMSTOWN,MO,LEWIS
63967,"WILLIAMSVILLE, MO",WILLIAMSVILLE,MO,WAYNE
65793,"WILLOW SPRINGS, MO",WILLOW SPRINGS,MO,HOWELL
65360,"WINDSOR, MO",WINDSOR,MO,HENRY
65783,"WINDYVILLE, MO",WINDYVILLE,MO,DALLAS
63389,"WINFIELD, MO",WINFIELD,MO,LINCOLN
63566,"WINIGAN, MO",WINIGAN,MO,SULLIVAN
65588,"WINONA, MO",WINONA,MO,SHANNON
64689,"WINSTON, MO",WINSTON,MO,DAVIESS
65287,"WOOLDRIDGE, MO",WOOLDRIDGE,MO,COOPER
63567,"WORTHINGTON, MO",WORTHINGTON,MO,PUTNAM
63390,"WRIGHT CITY, MO",WRIGHT CITY,MO,WARREN
63474,"WYACONDA, MO",WYACONDA,MO,CLARK
63882,"WYATT, MO",WYATT,MO,MISSISSIPPI
65589,"YUKON, MO",YUKON,MO,TEXAS
63787,"ZALMA, MO",ZALMA,MO,BOLLINGER
65784,"ZANONI, MO",ZANONI,MO,OZARK
